,Datetime,Class A,Class B
0,1616272200,2916,44
1,1616362200,2534,60
2,1616445000,2502,72
3,1616531400,2542,106
4,1616617800,2162,148
5,1616704200,1891,103
6,1616790600,2548,210
7,1616877000,3571,222
8,1616963400,2869,174
9,1617049800,2960,200
10,1617136200,3567,166
11,1617222600,4291,74
12,1617309000,1736,48
13,1617395400,2661,315
14,1617481800,3056,473
15,1617568200,2935,361
16,1617654600,2874,389
17,1617741000,2987,327
18,1617827400,4301,302
19,1617913800,2308,209
20,1618000200,2646,433
21,1618086600,2600,363
22,1618173000,2758,426
23,1618259400,2806,412
24,1618345800,2534,440
25,1618432200,3667,376
26,1618518600,1945,203
27,1618605000,2422,440
28,1618691400,2387,405
29,1618777800,2374,379
30,1618864200,2465,371
31,1618950600,2557,322
32,1619037000,4155,316
33,1619123400,2105,251
34,1619209800,2571,430
35,1619296200,2583,441
36,1619382600,2610,422
37,1619469000,2476,376
38,1619555400,2698,373
39,1619641800,4433,285
40,1619728200,2075,218
41,1619814600,2590,390
42,1619901000,2470,352
43,1619987400,3089,358
44,1620073800,1626,197
45,1620160200,2685,412
46,1620246600,4221,357
47,1620333000,2212,237
48,1620419400,2780,393
49,1620505800,2803,441
50,1620592200,3115,451
51,1620678600,2628,446
52,1620765000,2577,322
53,1620851400,1998,129
54,1620937800,1106,187
55,1621024200,2622,432
56,1621110600,2907,429
57,1621197000,2918,412
58,1621283400,2910,431
59,1621369800,3243,406
60,1621456200,5402,303
61,1621542600,2717,188
62,1621629000,2542,338
63,1621715400,2571,381
64,1621801800,3033,390
65,1621888200,2767,343
66,1621974600,3293,373
67,1622061000,5543,364
68,1622147400,2905,234
69,1622233800,3024,429
70,1622320200,3128,427
71,1622406600,3361,482
72,1622493000,3184,461
73,1622579400,3183,393
74,1622665800,4678,366
75,1622752200,2990,186
76,1622838600,2379,256
77,1622925000,2034,242
78,1623011400,2986,471
79,1623097800,3223,446
80,1623184200,3385,417
81,1623270600,5133,389
82,1623357000,2750,234
83,1623443400,3020,398
84,1623529800,2992,427
85,1623616200,3353,456
86,1623702600,3021,456
87,1623789000,3423,435
88,1623875400,5574,340
89,1623961800,2833,222
90,1624048200,2653,391
91,1624134600,2915,499
92,1624221000,2994,455
93,1624307400,3060,468
94,1624393800,3594,396
95,1624480200,5548,385
96,1624566600,2888,256
97,1624653000,3340,473
98,1624739400,3064,510
99,1624825800,3181,455
100,1624912200,3353,477
101,1624998600,3504,426
102,1625085900,5653,362
103,1625171400,2802,246
104,1625257800,3101,484
105,1625344200,2490,335
106,1625463300,2056,362
107,1625517000,2674,368
108,1625603400,3329,469
109,1625689800,5343,320
110,1625776200,2476,211
111,1625862600,2964,484
112,1625949000,3050,476
113,1626035400,5017,1430
114,1626121800,6491,1768
115,1626208200,7052,1554
116,1626294600,9453,1420
117,1626381000,5563,1085
118,1626467400,6310,1547
119,1626553800,6392,1569
120,1626640200,6650,1580
121,1626726600,8160,1465
122,1626813000,6418,917
123,1626899400,8458,1134
124,1626985800,5327,985
125,1627072200,5990,1610
126,1627158600,6255,1536
127,1627245000,5788,1370
128,1627331400,5725,1268
129,1627417800,8706,1450
130,1627504200,9264,932
131,1627590600,5387,1014
132,1627677000,6167,1526
133,1627763400,6319,1583
134,1627849800,6486,1520
135,1627936200,6472,1523
136,1628022600,6988,1446
137,1628109000,9272,1287
138,1628195400,5404,1003
139,1628281800,5393,1361
140,1628368200,5625,1433
141,1628454600,5725,1323
142,1628541000,5087,1187
143,1628627400,6132,1447
144,1628713800,8454,1100
145,1628800200,5188,1019
146,1628886600,4510,1081
147,1628973000,6967,1679
148,1629059400,5509,1242
149,1629145800,6900,822
150,1629232200,5798,311
151,1629318600,3969,362
152,1629405000,3469,897
153,1629491400,4752,1544
154,1629577800,5397,1628
155,1629664200,5836,1618
156,1629750600,5873,1702
157,1629837000,5440,1256
158,1629923400,8234,1222
159,1630009800,4947,1129
160,1630096200,5708,1304
161,1630182600,6439,1769
162,1630269000,5841,1381
163,1630355400,5323,1244
164,1630441800,3882,570
165,1630528200,7726,816
166,1630614600,5700,1076
167,1630701000,6357,1547
168,1630787400,6567,1554
169,1630873800,6692,1675
170,1630960200,6508,1562
171,1631046600,7220,1551
172,1631133000,10416,1436
173,1631219400,5003,839
174,1631305800,5310,1322
175,1631392200,6500,1544
176,1631478600,6595,1626
177,1631565000,6556,1661
178,1631651400,6919,1345
179,1631737800,10538,1396
180,1631824200,6129,1172
181,1631910600,6401,1578
182,1631997000,6660,1511
183,1632083400,6556,1549
184,1632169800,6653,1532
185,1632256200,7104,1409
186,1632342600,10162,1442
187,1632429000,6148,1085
188,1632515400,6390,1506
189,1632601800,8731,1518
190,1632688200,5822,1135
191,1632774600,6240,1576
192,1632861000,6950,1596
193,1632947400,9381,1501
194,1633033800,6145,1153
195,1633120200,6872,1579
196,1633206600,7573,1654
197,1633293000,10490,1495
198,1633379400,7717,1199
199,1633465800,8290,1364
200,1633552200,9203,1112
201,1633638600,7387,1177
202,1633725000,6804,1649
203,1633811400,6836,1681
204,1633897800,6753,1610
205,1633984200,6539,1580
206,1634070600,7119,1621
207,1634157000,9825,1486
208,1634243400,6728,1194
209,1634329800,6637,1565
210,1634416200,6671,1652
211,1634502600,6781,1618
212,1634589000,6972,1666
213,1634675400,7455,1618
214,1634761800,10931,1446
215,1634848200,7007,1219
216,1634934600,7784,1580
217,1635021000,7455,1230
218,1635107400,6896,1689
219,1635193800,6709,1510
220,1635280200,7093,1460
221,1635366600,9866,1351
222,1635453000,6744,1202
223,1635539400,6604,1684
224,1635625800,195,71
225,1637844600,1414,312
226,1637872200,5606,1284
227,1637958600,5579,1578
228,1638045000,5700,1682
229,1638131400,5431,1530
230,1638217800,6223,1676
231,1638304200,8534,1835
232,1638390600,11736,1608
233,1638477000,7866,1101
234,1638564900,8108,1246
235,1638649800,8872,1078
236,1638736200,8587,1216
237,1638822600,8828,1381
238,1638909000,9030,1032
239,1638995400,11188,942
240,1639081800,9228,700
241,1639168200,8697,1038
242,1639254600,7143,1005
243,1639341000,9496,1303
244,1639427400,9026,1020
245,1639513800,11180,599
246,1639600200,12210,838
247,1639686600,8579,809
248,1639773000,8733,931
249,1639859400,8160,762
250,1639945800,8749,874
251,1640032200,8325,588
252,1640118600,9302,723
253,1640205000,12258,702
254,1640291400,9142,606
255,1640377800,9109,836
256,1640464200,9004,936
257,1640550600,8329,970
258,1640637000,9105,970
259,1640723400,8878,1130
260,1640809800,11296,789
261,1640896200,8397,581
262,1640982600,10123,102
263,1641069000,8848,14
264,1641155400,8356,790
265,1641241800,3698,329
266,1641718500,4987,754
267,1641760200,9063,1157
268,1641846600,7858,1411
269,1641933000,8265,1297
270,1642019400,11077,1118
271,1642105800,7075,802
272,1642192200,7713,1361
273,1642278600,9122,1115
274,1642365000,8880,1049
275,1642451400,9635,1034
276,1642537800,8205,953
277,1642624200,10802,864
278,1642710600,7868,477
279,1642797000,7958,816
280,1642883400,8435,1018
281,1642969800,8222,1094
282,1643056200,8908,1033
283,1643142600,9536,1061
284,1643229000,10502,760
285,1643315400,8060,596
286,1643401800,8519,1101
287,1643488200,8437,1119
288,1643574600,8901,1065
289,1643661000,8317,848
290,1643747400,9281,1040
291,1643833800,11752,870
292,1643920200,7410,576
293,1644006600,8375,804
294,1644093000,9586,992
295,1644179400,10862,939
296,1644265800,8746,992
297,1644352200,8128,1147
298,1644438600,7966,1499
299,1644525000,9625,1042
300,1644611400,7111,1228
301,1644697800,7338,1510
302,1644784200,8283,1342
303,1644870600,8962,1328
304,1644957000,7398,1450
305,1645043400,7979,1475
306,1645129800,10678,1092
307,1645216200,8372,1141
308,1645302600,8043,1025
309,1645389000,7616,1269
310,1645475400,8531,1172
311,1645561800,9147,1504
312,1645648200,8670,1293
313,1645734600,10465,807
314,1645821000,8237,1091
315,1645907400,6813,960
316,1645993800,9488,386
317,1646080200,9660,183
318,1646166600,8981,1170
319,1646253000,9016,1303
320,1646339400,10861,657
321,1646425800,8571,1005
322,1646512200,9099,426
323,1646598600,9273,606
324,1646685000,8347,1072
325,1646771400,9101,1361
326,1646857800,8552,1281
327,1646944200,9263,774
328,1647030600,8200,952
329,1647117000,9058,1063
330,1647203400,9289,1115
331,1647289800,10283,1322
332,1647376200,12433,970
333,1647462600,11325,1162
334,1647549000,10441,932
335,1647635400,9015,606
336,1647721800,6178,388
337,1647808200,7988,149
338,1647898500,8921,160
339,1647981000,9938,206
340,1648067400,10502,238
341,1648153800,13792,266
342,1648240200,11396,410
343,1648326600,10823,545
344,1648413000,10476,580
345,1648499400,10292,640
346,1648585800,10250,709
347,1648672200,10533,654
348,1648758600,10025,477
349,1648845000,15777,321
350,1648931400,7768,461
351,1649017800,6645,762
352,1649104200,6767,1038
353,1649190600,7139,1070
354,1649277000,6938,1024
355,1649363400,7806,963
356,1649449800,7077,1164
357,1649536200,6645,1150
358,1649622600,6950,1280
359,1649709000,6973,1190
360,1649795400,7301,1236
361,1649881800,7756,1148
362,1649968200,9093,967
363,1650054600,6891,1016
364,1650141000,6947,1022
365,1650227400,7241,875
366,1650313800,7181,1237
367,1650400200,7454,1343
368,1363811400,9534,171
369,1363897800,8562,198
370,1363984200,7802,163
371,1364070600,7590,224
372,1364157000,7579,440
373,1364243400,7756,634
374,1364329800,7743,556
375,1364416200,8828,584
376,1364502600,7876,419
377,1364589000,6825,511
378,1364675400,7656,380
379,1364761800,8709,197
380,1364848200,8402,134
381,1364934600,5225,567
382,1365021000,6786,678
383,1365107400,5276,717
384,1365193800,4793,1178
385,1365280200,4616,1119
386,1365366600,4902,1128
387,1365453000,4843,1101
388,1365539400,5284,1112
389,1365625800,6576,999
390,1365712200,5291,723
391,1365798600,5854,1035
392,1365885000,4379,750
393,1365971400,4938,1067
394,1366057800,5129,1161
395,1366144200,5312,1085
396,1366230600,7202,1003
397,1366317000,5461,783
398,1366403400,4913,1129
399,1366489800,5132,1292
400,1366576200,5169,1244
401,1366662600,5051,1267
402,1366749000,5738,1184
403,1366835400,7428,1132
404,1366921800,6167,934
405,1367008200,5210,1283
406,1367094600,5406,1347
407,1367181000,5419,1350
408,1367267400,5174,1314
409,1367353800,5734,1215
410,1367440200,7722,1157
411,1367526600,5996,908
412,1367613000,5183,1217
413,1367699400,5251,1319
414,1367785800,5119,1195
415,1367872200,5180,1319
416,1367958600,5439,1263
417,1368045000,7185,1207
418,1368131400,5791,965
419,1368217800,4948,1295
420,1368304200,5209,1306
421,1368390600,5345,1242
422,1368477000,5127,1348
423,1368563400,5699,1310
424,1368649800,7129,1216
425,1368736200,5457,958
426,1368822600,5080,1348
427,1368909000,5165,1372
428,1368995400,5167,1351
429,1369081800,5243,1254
430,1369168200,5503,1222
431,1369254600,7403,1118
432,1369341000,5762,743
433,1369427400,5313,1191
434,1369513800,4969,1208
435,1369600200,5236,1217
436,1369686600,5399,1228
437,1369773000,5535,1278
438,1369859400,7249,1143
439,1369945800,5585,931
440,1370032200,5459,1251
441,1370118600,5784,1324
442,1370205000,7660,1252
443,1370291400,7409,1242
444,1370377800,5440,957
445,1370464200,6943,980
446,1370550600,6455,776
447,1370637000,5440,1168
448,1370723400,5395,1228
449,1370809800,5468,1197
450,1370896200,5229,1184
451,1370982600,5804,1182
452,1371069000,4945,637
453,1371155400,5609,826
454,1371241800,4852,1244
455,1371328200,5063,1282
456,1371414600,5047,1124
457,1371501000,5165,1206
458,1371587400,5444,1131
459,1371673800,7763,990
460,1371760200,6007,805
461,1371846600,5635,1153
462,1371933000,6523,1209
463,1372019400,5484,1024
464,1372105800,5360,1254
465,1372192200,5589,1227
466,1372278600,7966,1121
467,1372365000,6320,935
468,1372451400,4966,1063
469,1372537800,4723,1065
470,1372624200,5648,1228
471,1372710600,5516,1209
472,1372797000,5861,1199
473,1372883400,8533,1077
474,1372969800,7085,776
475,1373056200,5593,1235
476,1373142600,5813,1147
477,1373229000,5992,1173
478,1373315400,5721,1148
479,1373401800,4800,1083
480,1373488200,6145,1051
481,1373574600,4147,679
482,1373661000,4753,1072
483,1373747400,4634,1134
484,1373833800,4796,1084
485,1373920200,4739,1049
486,1374006600,4977,1083
487,1374093000,7028,1010
488,1374179400,4217,723
489,1374265800,4712,1107
490,1374352200,4922,1055
491,1374438600,4752,1057
492,1374525000,4026,927
493,1374611400,5006,1076
494,1374697800,6793,992
495,1374784200,4375,831
496,1374870600,4931,1059
497,1374957000,4622,1130
498,1375043400,5980,990
499,1375129800,3346,641
500,1375216200,4621,1196
501,1375302600,5622,1027
502,1375389000,3979,836
503,1375475400,4380,1064
504,1375561800,2794,753
505,1375659000,1517,452
506,1375772400,2134,606
507,1375858800,4071,755
508,1375907400,7661,686
509,1375993800,8201,502
510,1376080200,4731,663
511,1376325000,668,165
512,1376339400,5251,1164
513,1376425800,5727,1057
514,1376512200,7824,1020
515,1376598600,6231,814
516,1376685000,5447,1107
517,1376771400,5570,1119
518,1376857800,5664,1116
519,1376944200,5537,1075
520,1377030600,5463,1031
521,1377117000,8417,929
522,1377203400,6615,691
523,1377289800,5779,975
524,1377376200,5881,1063
525,1377462600,5843,1087
526,1377549000,6111,1110
527,1377635400,6504,1085
528,1377721800,8591,990
529,1377808200,6818,794
530,1377894600,5937,1223
531,1377981000,7111,1158
532,1378067400,6403,886
533,1378153800,5964,1069
534,1378240200,6361,1142
535,1378326600,8410,989
536,1378413000,6946,779
537,1378499400,5994,1060
538,1378585800,6216,1145
539,1378672200,6119,1173
540,1378758600,6199,1168
541,1378845000,6551,1102
542,1378931400,8940,957
543,1379017800,7308,841
544,1379104200,6513,1169
545,1379190600,6731,1146
546,1379277000,6346,1092
547,1379363400,6152,1060
548,1379449800,6200,1122
549,1379536200,8348,945
550,1379622600,7159,778
551,1379709000,6233,1112
552,1379795400,5767,1039
553,1379881800,5321,1106
554,1379968200,5370,1077
555,1380054600,5698,1191
556,1380141000,7595,994
557,1380227400,5888,726
558,1380313800,5255,1141
559,1380400200,5218,1101
560,1380486600,5430,1079
561,1380573000,5321,1070
562,1380659400,5931,1065
563,1380745800,7686,1001
564,1380832200,6048,801
565,1380918600,5202,1140
566,1381005000,5317,1193
567,1381091400,5333,1143
568,1381177800,4960,1074
569,1381264200,5859,1124
570,1381350600,7809,1043
571,1381437000,5871,754
572,1381523400,5449,1205
573,1381609800,5861,1235
574,1381696200,6159,1156
575,1381782600,7008,1004
576,1381869000,6335,723
577,1381955400,6879,883
578,1382041800,6037,862
579,1382128200,5390,1196
580,1382214600,5245,1132
581,1382301000,5308,1151
582,1382387400,1105,293
583,1382473800,6860,981
584,1382560200,7243,720
585,1382646600,5673,794
586,1382733000,4985,997
587,1382819400,5442,1182
588,1382905800,5291,1139
589,1382992200,5422,1113
590,1383078600,5642,1056
591,1383165000,7172,905
592,1383251400,5939,793
593,1383337800,4911,1065
594,1383424200,5374,1118
595,1383510600,5389,1153
596,1383597000,5194,1130
597,1383683400,4577,834
598,1383769800,4113,495
599,1383856200,2532,299
600,1383942600,2602,379
601,1384029000,2644,333
602,1384115400,2091,120
603,1384201800,4504,58
604,1384288200,3341,8
605,1384374600,1619,10
606,1384461000,1662,92
607,1384547400,2608,349
608,1384633800,2574,407
609,1384720200,2209,257
610,1384806600,2200,268
611,1384893000,3010,481
612,1384979400,3482,416
613,1385065800,2169,297
614,1385152200,3374,582
615,1385238600,3285,635
616,1385325000,2791,545
617,1385411400,2667,465
618,1385497800,2648,312
619,1385584200,4033,355
620,1385670600,2169,173
621,1385757000,1890,200
622,1385843400,2246,327
623,1385929800,1919,186
624,1386016200,2069,191
625,1386102600,1971,156
626,1386189000,2278,123
627,1386275400,1508,68
628,1386361800,1735,176
629,1386448200,1318,111
630,1386534600,1511,138
631,1386621000,1732,147
632,1386707400,1955,133
633,1386793800,2512,128
634,1386880200,1547,69
635,1386966600,1591,146
636,1387053000,1835,185
637,1387139400,1667,141
638,1387225800,1773,196
639,1387312200,1937,171
640,1387398600,2745,217
641,1387485000,3015,460
642,1387571400,3506,573
643,1387657800,3404,415
644,1387744200,2109,253
645,1387830600,2676,361
646,1387917000,3105,464
647,1388003400,2997,354
648,1388089800,2466,292
649,1388176200,2038,265
650,1388262600,2587,267
651,1388349000,3652,153
652,1388435400,2115,57
653,1388521800,1901,138
654,1388608200,1559,75
655,1388694600,2253,506
656,1388781000,5171,1186
657,1388867400,5218,1243
658,1388953800,3951,870
659,1389040200,2988,880
660,1389126600,4578,1069
661,1389213000,5639,1080
662,1389299400,4245,808
663,1389385800,4312,1019
664,1389472200,3657,949
665,1389558600,4648,1217
666,1389645000,4758,1201
667,1389731400,5446,1159
668,1389817800,6405,1024
669,1389904200,4337,792
670,1389990600,3718,695
671,1390077000,3887,711
672,1390163400,5069,1209
673,1390249800,5061,1200
674,1390336200,5398,1161
675,1390422600,6530,1092
676,1390509000,5169,844
677,1390595400,5186,1221
678,1390681800,5117,1271
679,1390768200,5291,1180
680,1390854600,5458,1291
681,1390941000,5468,1157
682,1391027400,6775,1124
683,1391113800,5149,861
684,1391200200,5188,1150
685,1391286600,4084,1060
686,1391373000,4004,815
687,1391459400,2694,661
688,1391545800,3998,837
689,1391632200,5548,957
690,1391718600,4582,910
691,1391805000,4943,1108
692,1391891400,5050,1214
693,1391977800,6304,1162
694,1392064200,4734,838
695,1392150600,5239,1121
696,1392237000,6521,974
697,1392323400,5516,814
698,1392409800,5257,1210
699,1392496200,5273,1194
700,1392582600,5123,1134
701,1392669000,5228,1296
702,1392755400,5649,1205
703,1392841800,6852,1045
704,1392928200,5348,1007
705,1393014600,5235,1301
706,1393101000,5395,1414
707,1393187400,5419,1323
708,1393273800,5436,1410
709,1393360200,3647,832
710,1393446600,7281,1388
711,1393533000,5509,1055
712,1393619400,5389,1428
713,1393705800,5449,1425
714,1393792200,5236,1387
715,1393878600,5298,1385
716,1393965000,5973,1400
717,1394051400,7285,1342
718,1394137800,5869,1174
719,1394224200,5498,1456
720,1394310600,5589,1433
721,1394397000,5533,1296
722,1394483400,5555,1429
723,1394569800,4686,1172
724,1394656200,7527,1189
725,1394742600,5621,1077
726,1394829000,5531,1199
727,1394915400,5652,911
728,1395001800,6762,896
729,1395088200,7721,661
730,1395174600,9105,439
731,1395261000,8036,219
732,1395347400,10360,174
733,1395433800,8405,209
734,1395520200,6891,207
735,1395606600,7547,245
736,1395693000,7665,480
737,1395779400,7996,682
738,1395865800,9444,711
739,1395952200,8431,576
740,1396038600,7724,682
741,1396125000,6473,465
742,1396237500,7415,468
743,1396297800,9483,262
744,1396384200,8626,163
745,1396470600,6445,367
746,1396557000,5917,732
747,1396643400,5385,1143
748,1396729800,2915,538
749,1396841400,5144,1100
750,1396902600,5505,1256
751,1396989000,5541,1181
752,1397075400,7077,1229
753,1397161800,5700,981
754,1397248200,5466,1224
755,1397334600,2985,640
756,1397485800,1247,374
757,1397507400,2232,452
758,1397881800,4324,1227
759,1397939400,5374,1432
760,1398025800,5328,1475
761,1398112200,5188,1464
762,1398198600,5364,1455
763,1398285000,7242,1248
764,1398371400,5673,961
765,1398457800,4804,1278
766,1398544200,5220,1328
767,1398630600,5329,1468
768,1398717000,5414,1504
769,1398803400,5744,1407
770,1398889800,7784,1191
771,1398976200,5980,919
772,1399062600,3018,759
773,1399158000,5026,1304
774,1399235400,5292,1504
775,1399321800,5439,1457
776,1399408200,5817,1446
777,1399494600,7871,1257
778,1399581000,5757,935
779,1399667400,5399,1306
780,1399753800,5269,1339
781,1399840200,6355,1286
782,1399926600,5847,1089
783,1400013000,5765,1220
784,1400099400,7337,1298
785,1400185800,5826,942
786,1400272200,5348,1354
787,1400358600,5270,1331
788,1400445000,5272,1288
789,1400531400,5179,1414
790,1400617800,5547,1259
791,1400704200,7582,1239
792,1400790600,5667,1022
793,1400877000,5175,1278
794,1400963400,5273,1447
795,1401049800,6214,1319
796,1401136200,4820,995
797,1402385400,3248,804
798,1402432200,6248,1094
799,1402518600,5542,690
800,1402605000,5473,897
801,1402691400,4978,964
802,1402777800,4521,930
803,1402864200,5542,1041
804,1402950600,4179,764
805,1403037000,4937,858
806,1403123400,8275,1003
807,1403209800,5564,583
808,1403296200,5351,923
809,1403382600,5789,1057
810,1403469000,5336,967
811,1403555400,4430,841
812,1403641800,5283,815
813,1403728200,7888,897
814,1403814600,6882,691
815,1403901000,3867,602
816,1403987400,4432,839
817,1404073800,4869,931
818,1404160200,4820,1040
819,1404246600,4436,852
820,1404333000,3152,258
821,1404419400,2927,415
822,1404505800,2205,264
823,1404592200,1940,271
824,1404678600,1736,182
825,1404765000,4518,928
826,1404851400,4693,862
827,1404937800,5638,632
828,1405024200,3676,467
829,1405110600,3521,682
830,1405197000,4755,980
831,1405283400,5062,954
832,1405369800,5240,1113
833,1405456200,5060,877
834,1405542600,6122,831
835,1405629000,5125,555
836,1405715400,3087,451
837,1405801800,4775,941
838,1405888200,4687,1020
839,1405974600,5005,1075
840,1406061000,5227,1074
841,1406147400,6553,990
842,1406233800,4288,754
843,1406320200,3761,787
844,1406406600,5881,1041
845,1406493000,7431,761
846,1406579400,8064,446
847,1406665800,5276,518
848,1406752200,7293,751
849,1406838600,5597,568
850,1406925000,5692,959
851,1407011400,5974,997
852,1407097800,5815,1208
853,1407184200,5194,1034
854,1407270600,5081,993
855,1407357000,6849,861
856,1407443400,5383,681
857,1407529800,4730,918
858,1407616200,5947,1171
859,1407702600,5807,1219
860,1407789000,5930,1230
861,1407875400,6208,1109
862,1407961800,6245,755
863,1408048200,4766,551
864,1408134600,4879,985
865,1408221000,5151,1017
866,1408307400,5124,1065
867,1408393800,4614,871
868,1408480200,5455,961
869,1408566600,6634,884
870,1408653900,5484,722
871,1408739400,4418,862
872,1408825800,5566,1044
873,1408912200,4798,782
874,1408998600,5335,978
875,1409085000,4955,835
876,1409171400,8024,883
877,1409257800,6283,647
878,1409344200,5688,978
879,1409430600,5717,1033
880,1409517000,5219,811
881,1409603400,6654,1102
882,1409689800,6154,869
883,1409776200,9331,900
884,1409862600,7568,690
885,1409949000,5790,912
886,1410035400,6410,1084
887,1410121800,6674,1009
888,1410208200,4822,774
889,1410294600,6061,921
890,1410381000,7929,874
891,1410467400,5034,592
892,1410553800,5763,1113
893,1410640200,6104,1136
894,1410726600,6697,1223
895,1410813000,5678,1088
896,1410899400,5104,888
897,1410985800,6826,805
898,1411072200,6734,639
899,1411158600,6014,1129
900,1411245000,5024,809
901,1411331400,4888,953
902,1411417800,4434,888
903,1411504200,5179,1048
904,1411590600,5389,871
905,1411677000,4603,670
906,1411763400,4746,996
907,1411849800,5654,1318
908,1411936200,5529,1284
909,1412022600,5960,1340
910,1412109000,6439,1196
911,1412195400,8435,776
912,1412281800,6210,937
913,1412368200,6670,1063
914,1412454600,5999,721
915,1412541000,4854,1005
916,1412627400,5705,1000
917,1412713800,6073,1049
918,1412800200,7277,965
919,1412886600,5302,628
920,1412973000,4044,933
921,1413059400,1725,251
922,1413182700,3208,568
923,1413232200,4986,1136
924,1413318600,5514,1149
925,1413405000,5471,685
926,1413491400,5418,772
927,1413577800,4636,1104
928,1413664200,4448,1201
929,1413750600,3826,937
930,1413837000,3612,981
931,1413923400,3807,850
932,1414009800,5089,846
933,1414103400,5541,881
934,1414182600,4172,1162
935,1414269000,4852,1203
936,1414355400,4429,1270
937,1414441800,4322,1115
938,1414528200,4631,1003
939,1414614600,5996,964
940,1414701000,3168,495
941,1414787400,5051,943
942,1414873800,11280,672
943,1414960200,6780,125
944,1415046600,7220,128
945,1415133000,4628,976
946,1415219400,5855,1177
947,1415305800,4530,853
948,1415392200,4693,1204
949,1415478600,4517,1150
950,1415565000,5093,1327
951,1415651400,4567,1177
952,1415737800,5537,1423
953,1415824200,6277,1215
954,1415910600,4621,793
955,1415997000,5124,1166
956,1416083400,5027,1468
957,1416169800,5003,1535
958,1416256200,5068,1507
959,1416342600,5668,1516
960,1416429000,5988,875
961,1416515400,3750,666
962,1416601800,4768,1261
963,1416688200,4822,1250
964,1416774600,4786,1306
965,1416861000,4557,1267
966,1416947400,4689,877
967,1417033800,4868,278
968,1417120200,1948,78
969,1417206600,1845,186
970,1417293000,1865,173
971,1417379400,1821,164
972,1417465800,1916,164
973,1417552200,2093,186
974,1417638600,2925,197
975,1417725000,1766,100
976,1417811400,1777,196
977,1417897800,1921,255
978,1417984200,1767,261
979,1418070600,1881,278
980,1418157000,2423,312
981,1418243400,3478,274
982,1418329800,2562,120
983,1418416200,1700,70
984,1418502600,1866,271
985,1418589000,1969,251
986,1418675400,2105,221
987,1418761800,2456,277
988,1418848200,3537,249
989,1418934600,2460,150
990,1419021000,3384,220
991,1419107400,2030,74
992,1419193800,1983,164
993,1419280200,1531,102
994,1419366600,1888,204
995,1419453000,2593,177
996,1419539400,1850,113
997,1419625800,1883,180
998,1419712200,1846,189
999,1419798600,1891,185
1000,1419885000,1863,205
1001,1419971400,2027,227
1002,1420057800,2836,183
1003,1420144200,1768,130
1004,1420230600,1836,213
1005,1420317000,1893,249
1006,1420403400,1985,212
1007,1420489800,1867,236
1008,1420576200,2140,234
1009,1420662600,2737,206
1010,1420749000,1886,104
1011,1420835400,1894,202
1012,1420921800,1785,206
1013,1421008200,1862,198
1014,1421094600,1909,208
1015,1421181000,2203,224
1016,1421267400,3004,172
1017,1421353800,2130,90
1018,1421440200,1881,218
1019,1421526600,1893,220
1020,1421613000,1647,178
1021,1421699400,1912,197
1022,1421785800,2042,200
1023,1421872200,3206,185
1024,1421958600,1466,86
1025,1422045000,1900,204
1026,1422131400,1899,230
1027,1422217800,2057,278
1028,1422304200,1940,210
1029,1422390600,2205,205
1030,1422477000,3024,165
1031,1422563400,2090,111
1032,1422649800,1952,238
1033,1422736200,671,41
1034,1424517600,1473,294
1035,1424550600,5178,1345
1036,1424637000,5306,1539
1037,1424723400,5522,1648
1038,1424809800,5929,1776
1039,1424896200,7192,1550
1040,1424982600,5200,1196
1041,1425069000,5655,1651
1042,1425155400,5591,1857
1043,1425241800,5762,1884
1044,1425328200,5772,1805
1045,1425414600,5982,1790
1046,1425501000,7677,1829
1047,1425587400,5465,1501
1048,1425673800,5620,1956
1049,1425760200,5923,1987
1050,1425846600,5651,1898
1051,1425933000,5002,1701
1052,1426019400,6107,1908
1053,1426105800,7469,1741
1054,1426192200,5646,1487
1055,1426278600,5781,1759
1056,1426365000,5981,1694
1057,1426451400,6465,1463
1058,1426537800,7315,1112
1059,1426624200,8035,880
1060,1426710600,10083,623
1061,1426797000,8421,325
1062,1426883400,9879,249
1063,1426973400,8778,303
1064,1427056200,8678,325
1065,1427142600,8036,317
1066,1427229000,7691,579
1067,1427431800,7380,596
1068,1427488200,8246,519
1069,1427574600,7848,834
1070,1427661000,7521,838
1071,1427747400,8502,604
1072,1427833800,10610,383
1073,1427920200,9852,206
1074,1428006600,6487,618
1075,1428093000,5653,1370
1076,1428179400,5466,1455
1077,1428265800,5516,1428
1078,1428352200,5452,1506
1079,1428438600,1383,283
1080,1428525000,7437,1426
1081,1428611400,4291,683
1082,1428786600,3967,1148
1083,1428870600,5136,1510
1084,1428957000,5487,1518
1085,1429043400,5949,1529
1086,1429129800,8140,1417
1087,1429216200,4527,836
1088,1429304400,5135,1641
1089,1429389000,5362,1700
1090,1429475400,5467,1665
1091,1429561800,5134,1582
1092,1429648200,5857,1592
1093,1429734600,7795,1378
1094,1429821000,6316,1030
1095,1429907400,5275,1585
1096,1429993800,5302,1622
1097,1430080200,5405,1464
1098,1430166600,5807,1480
1099,1430253000,6420,1635
1100,1430339400,9242,1610
1101,1430425800,7951,1070
1102,1430512200,6521,1121
1103,1430598600,5569,1641
1104,1430685000,5480,1708
1105,1430771400,5625,1659
1106,1430857800,5960,1693
1107,1430944200,7555,1588
1108,1431030600,280,41
1109,1431238500,3821,1414
1110,1431289800,5473,1745
1111,1431376200,5442,1727
1112,1431462600,6455,1745
1113,1431549000,8828,1769
1114,1431635400,7501,1119
1115,1431721800,6335,1066
1116,1431808200,351,162
1117,1431967500,582,215
1118,1431981000,4545,1365
1119,1432067400,5212,1397
1120,1432153800,7067,1289
1121,1432240200,5358,907
1122,1432326600,4870,1309
1123,1432413000,4763,1357
1124,1432499400,5196,1556
1125,1432585800,5155,1541
1126,1432672200,5174,1480
1127,1432758600,7281,1346
1128,1432845000,4926,1050
1129,1432931400,5112,1480
1130,1433017800,5127,1428
1131,1433104200,5453,1476
1132,1433190600,7376,1563
1133,1433277000,6863,1186
1134,1433363400,7302,944
1135,1433449800,6098,928
1136,1433536200,5440,1481
1137,1433622600,5311,1553
1138,1433709000,5423,1576
1139,1433795400,5751,1749
1140,1433881800,5657,1620
1141,1433968200,7155,1300
1142,1434054600,5535,943
1143,1434141000,5326,1522
1144,1434227400,5213,1495
1145,1434313800,5706,1451
1146,1434400200,5735,1429
1147,1434486600,6279,1490
1148,1434573000,6415,1426
1149,1434659400,3754,1087
1150,1434745800,4746,1408
1151,1434832200,4520,1428
1152,1434918600,4765,1450
1153,1435005000,4694,1414
1154,1435091400,4926,1414
1155,1435177800,7263,1359
1156,1435264200,4430,1072
1157,1435350600,5075,1526
1158,1435437000,5259,1404
1159,1435523400,5067,1634
1160,1435609800,5081,1706
1161,1435696200,5218,1638
1162,1435782600,7363,1600
1163,1435869000,4421,1130
1164,1435955400,5122,1666
1165,1436041800,5274,1716
1166,1436128200,4283,1295
1167,1436214600,6452,1423
1168,1436301000,3707,1053
1169,1436387400,2656,857
1170,1436483700,3728,1151
1171,1436560200,4972,1601
1172,1436646600,5046,1621
1173,1436819400,4493,1429
1174,1436905800,5798,1586
1175,1437078600,7009,899
1176,1437165000,7707,693
1177,1437251400,6140,1028
1178,1437337800,5582,1404
1179,1437424200,5505,1634
1180,1437510600,5741,1598
1181,1437597000,7656,1521
1182,1437683400,5873,1250
1183,1437769800,5618,1573
1184,1437856200,5762,1736
1185,1437942600,5803,1868
1186,1438029000,5939,1428
1187,1438115400,6017,1558
1188,1438201800,8642,1385
1189,1438288200,6363,1132
1190,1438374600,5510,1389
1191,1438461000,5624,1564
1192,1438547400,5689,1539
1193,1438633800,5854,1617
1194,1438720200,6124,1550
1195,1438806600,8588,1502
1196,1438893000,6374,1072
1197,1438979400,5747,1415
1198,1439065800,5785,1500
1199,1439152200,7029,1543
1200,1439238600,5806,1128
1201,1439325000,6013,1533
1202,1439411400,8213,1313
1203,1439497800,6251,1081
1204,1439584200,5764,1520
1205,1439670600,5877,1547
1206,1439759700,5600,1483
1207,1439844300,5853,1594
1208,1439929800,6025,1406
1209,1440016200,8870,1364
1210,1440102600,6183,1137
1211,1440189000,5887,1388
1212,1440275400,6036,1417
1213,1440361800,6077,1437
1214,1440448200,5932,1496
1215,1440534600,6299,1322
1216,1440621000,8758,1275
1217,1440707400,6311,1012
1218,1440793800,5726,1401
1219,1440880200,5852,1417
1220,1440966600,5954,1415
1221,1441053000,6047,1399
1222,1441139400,6452,1422
1223,1441225800,9190,1259
1224,1441312200,6859,1034
1225,1441398600,6135,1384
1226,1441485000,6353,1396
1227,1441571400,6158,1431
1228,1441657800,6102,1393
1229,1441744200,6527,1411
1230,1441830600,8730,1181
1231,1441917000,6821,995
1232,1442003400,6171,1333
1233,1442089800,6242,1413
1234,1442176200,6131,1404
1235,1442262600,6406,1323
1236,1442349000,6813,1431
1237,1442435400,8996,1258
1238,1442521800,7098,1019
1239,1442608200,6445,1481
1240,1442694600,6305,1514
1241,1442781000,6494,1436
1242,1442868300,6309,1271
1243,1442953800,7537,1047
1244,1443040200,8576,710
1245,1443126600,6231,899
1246,1443213000,5567,1328
1247,1443299400,5614,1320
1248,1443385800,5458,1226
1249,1443472200,5416,1368
1250,1443558600,5793,1287
1251,1443645000,7708,1221
1252,1443731400,5865,954
1253,1443817800,5491,1435
1254,1443904200,5471,1447
1255,1443990600,5407,1438
1256,1444077000,5620,1419
1257,1444163400,6104,1447
1258,1444249800,8534,1377
1259,1444336200,5836,1088
1260,1444422600,5656,1471
1261,1444509000,5565,1520
1262,1444595400,5683,1395
1263,1444681800,5805,1548
1264,1444768200,5929,1516
1265,1444854600,7725,1382
1266,1444941000,5239,1018
1267,1445027400,5403,1550
1268,1445113800,5060,1503
1269,1445200200,5495,1641
1270,1445286600,5551,1543
1271,1445373000,7307,1370
1272,1445459400,11198,907
1273,1445545800,8149,272
1274,1445632200,5217,545
1275,1445718600,4953,1582
1276,1445805000,5549,1596
1277,1445891400,5474,1547
1278,1445977800,5743,1303
1279,1446064200,7010,1408
1280,1446150600,4880,1084
1281,1446237000,5027,1365
1282,1446323400,5244,1423
1283,1446409800,5187,1454
1284,1446496200,5193,1474
1285,1446582600,5676,1511
1286,1446669000,7690,1451
1287,1446755400,5269,1163
1288,1446841800,5073,1458
1289,1446928200,5000,1525
1290,1447014600,5181,1559
1291,1447101000,5272,1614
1292,1447187400,5582,1483
1293,1447273800,7469,1458
1294,1447360200,5255,1142
1295,1447446600,5143,1530
1296,1447533000,5127,1460
1297,1447619400,4730,1381
1298,1447705800,5242,1575
1299,1447792200,5478,1624
1300,1447878600,7269,1356
1301,1447965000,5206,1106
1302,1448051400,5071,1330
1303,1448137800,5082,1266
1304,1448224200,5128,1260
1305,1448310600,5167,1307
1306,1448397000,5357,1397
1307,1448483400,6752,1343
1308,1448569800,4845,1064
1309,1448656200,5067,1276
1310,1448742600,5153,1474
1311,1448829000,5218,1505
1312,1448915400,7579,1345
1313,1449001800,5737,790
1314,1449088200,5906,1335
1315,1449174600,5275,1047
1316,1449261000,4829,1328
1317,1449347400,5172,1367
1318,1449433800,5328,1232
1319,1449520200,5919,1398
1320,1449606600,8728,1359
1321,1449693000,8047,837
1322,1449779400,5165,874
1323,1449865800,4800,944
1324,1449952200,5047,1318
1325,1450038600,5156,1282
1326,1450125000,4983,1343
1327,1450211400,5363,1511
1328,1450297800,6477,1304
1329,1450384200,4900,1101
1330,1450470600,5058,1339
1331,1450557000,4768,1302
1332,1450643400,5133,1141
1333,1450729800,5469,1510
1334,1450816200,5291,1380
1335,1450902600,5454,1010
1336,1450989000,4126,941
1337,1451075400,4906,1300
1338,1451161800,4991,1331
1339,1451248200,6310,1213
1340,1451334600,4927,1227
1341,1451421000,5264,1358
1342,1451507400,6603,1181
1343,1451593800,4972,918
1344,1451680200,4966,1487
1345,1451766600,5148,1441
1346,1451853000,5117,1458
1347,1451939400,4616,1477
1348,1452025800,5446,1528
1349,1452112200,6948,1364
1350,1452198600,4915,1194
1351,1452285000,5130,1428
1352,1452371400,5072,1488
1353,1452457800,5113,1449
1354,1452544200,5219,1559
1355,1452630600,5594,1302
1356,1452717000,7086,1234
1357,1452803400,5425,1114
1358,1452889800,4900,1483
1359,1452976200,5110,1507
1360,1453062600,5213,1406
1361,1453149000,5127,1454
1362,1453235400,5538,1370
1363,1453321800,7287,1301
1364,1453408200,5669,1112
1365,1453494600,4960,1405
1366,1453581000,5123,1401
1367,1453667400,5179,1577
1368,1453753800,5136,1504
1369,1453840200,5569,1509
1370,1453926600,7234,1162
1371,1454013000,5368,865
1372,1454099400,4849,1410
1373,1454185800,4644,1259
1374,1454272200,5102,1457
1375,1454358600,5326,1640
1376,1454445000,5528,1576
1377,1454531400,7322,1466
1378,1454617800,5703,1329
1379,1454704200,5231,1558
1380,1454790600,5094,1450
1381,1454877000,5139,1630
1382,1454963400,5323,1647
1383,1455049800,6999,1596
1384,1455136200,7362,1169
1385,1455222600,5482,1108
1386,1455309000,5141,1635
1387,1455395400,5204,1683
1388,1455481800,5141,1622
1389,1455568200,5368,1739
1390,1455654600,5873,1740
1391,1455741000,7291,1592
1392,1455827400,5521,1298
1393,1455913800,5315,1378
1394,1456000200,5215,1747
1395,1456086600,5408,1628
1396,1456173000,5546,1610
1397,1456259400,5939,1631
1398,1456345800,7762,1506
1399,1456432200,5530,1226
1400,1456518600,5119,1691
1401,1456605000,5533,1781
1402,1456691400,5372,1882
1403,1456777800,5553,1923
1404,1456864200,5850,1841
1405,1456950600,7471,1624
1406,1457037000,5423,1450
1407,1457123400,5462,1914
1408,1457209800,5521,1856
1409,1457296200,5520,1855
1410,1457382600,5633,1909
1411,1457469000,6281,1877
1412,1457555400,7610,1673
1413,1457641800,5554,1520
1414,1457728200,6874,1986
1415,1457814600,5804,1647
1416,1457901000,6171,1854
1417,1457987400,6663,1614
1418,1458073800,7287,1461
1419,1458160200,9572,983
1420,1458246600,9829,661
1421,1458333000,7677,362
1422,1458419400,9252,304
1423,1458509400,9132,422
1424,1458592200,8409,482
1425,1458678600,8080,491
1426,1458765000,9493,644
1427,1458851400,8560,563
1428,1458937800,7890,906
1429,1459024200,7437,963
1430,1459110600,7759,903
1431,1459197000,7628,839
1432,1459283400,8272,671
1433,1459369800,10409,372
1434,1459456200,8090,311
1435,1459542600,5681,1145
1436,1459629000,5525,1480
1437,1459715400,5430,1441
1438,1459801800,5334,1420
1439,1459888200,5602,1442
1440,1459974600,7207,1401
1441,1460061000,5650,1138
1442,1460147400,5456,1616
1443,1460233800,5325,1530
1444,1460320200,5250,1594
1445,1460406600,5197,1594
1446,1460493000,5511,1485
1447,1460579400,7521,1480
1448,1460665800,4945,1251
1449,1460752200,5255,1632
1450,1460838600,5187,1787
1451,1460925000,5570,1622
1452,1461011400,5559,1691
1453,1461097800,7388,1670
1454,1461184200,8945,1210
1455,1461270600,6005,1164
1456,1461357000,5394,1721
1457,1461443400,5346,1672
1458,1461529800,5394,1610
1459,1461616200,5632,1538
1460,1461702600,6205,1593
1461,1461789000,7935,1235
1462,1461875400,5910,1042
1463,1461961800,5521,1678
1464,1462048200,5564,1819
1465,1462134600,5524,1614
1466,1462221000,5668,1635
1467,1462307400,7308,1442
1468,1462393800,8430,1105
1469,1462480200,6139,1091
1470,1462566600,5413,1693
1471,1462653000,5367,1708
1472,1462739400,5623,1658
1473,1462825800,5314,1727
1474,1462912200,5657,1535
1475,1462998600,7323,1417
1476,1463085000,5423,1170
1477,1463171400,5305,1681
1478,1463257800,5365,1588
1479,1463344200,5368,1563
1480,1463430600,5515,1658
1481,1463517000,115,37
1482,1463729100,3229,572
1483,1463776200,6941,1341
1484,1463862600,5227,949
1485,1463949000,5973,1306
1486,1464035400,5690,1363
1487,1464121800,6225,1436
1488,1464208200,7743,1313
1489,1464294600,5522,1078
1490,1464381000,5720,1368
1491,1464467400,5681,1639
1492,1464553800,5925,1810
1493,1464643800,6083,1652
1494,1464726600,6345,1340
1495,1464813000,9423,1463
1496,1464899400,8408,1170
1497,1464985800,6202,1350
1498,1465072200,6583,1695
1499,1465158600,6390,1777
1500,1465245000,5258,1730
1501,1465331400,5652,1780
1502,1465417800,6066,1506
1503,1465504200,4318,1370
1504,1465590600,5468,1693
1505,1465677000,5615,1685
1506,1465763400,5297,1723
1507,1465849800,5556,1525
1508,1465936200,5496,1571
1509,1466022600,7410,1236
1510,1466109000,4837,1111
1511,1466195400,5189,1601
1512,1466281800,5293,1544
1513,1466368200,5867,1552
1514,1466454600,5350,1437
1515,1466541000,5206,1597
1516,1466627400,6757,1447
1517,1466713800,4295,1107
1518,1466800200,3306,963
1519,1466886600,6595,1356
1520,1466973000,3880,1030
1521,1467059400,5595,1455
1522,1467145800,5399,1455
1523,1467232200,6827,1329
1524,1467318600,5017,1060
1525,1467405000,5390,1699
1526,1467491400,5164,1624
1527,1467577800,5739,1630
1528,1467664200,9113,1384
1529,1467750600,8746,692
1530,1467837000,7254,884
1531,1467923400,7630,1079
1532,1468009800,6880,1468
1533,1468096200,6142,1617
1534,1468182600,6401,1528
1535,1468269000,6215,1667
1536,1468355400,6178,1309
1537,1468441800,9322,1231
1538,1468528200,5505,1045
1539,1468614600,5597,1399
1540,1468701000,5712,1428
1541,1468821300,4155,982
1542,1468873800,5890,1349
1543,1468960200,5243,1348
1544,1469046600,8461,1225
1545,1469133000,5815,913
1546,1469219400,6223,1225
1547,1469305800,5437,806
1548,1469392200,5607,1029
1549,1469478600,6116,1230
1550,1469565000,7229,1397
1551,1469651400,10399,1115
1552,1469737800,8159,912
1553,1469824200,6377,1002
1554,1469910600,5990,1083
1555,1469997000,5872,1156
1556,1470083400,5886,1146
1557,1470169800,6174,1421
1558,1470256200,8099,1023
1559,1470342600,5856,980
1560,1470429000,5733,1427
1561,1470515400,5327,1539
1562,1470601800,5372,1492
1563,1470688200,5493,1551
1564,1470774600,5799,1458
1565,1470861000,7637,1201
1566,1470947400,5364,727
1567,1471033800,4899,1247
1568,1471120200,4672,1233
1569,1471206600,5970,1237
1570,1471293000,5598,1471
1571,1471379400,6041,1428
1572,1471465800,8300,1282
1573,1471552200,5820,1135
1574,1471638600,5581,1540
1575,1471725000,6414,1374
1576,1471811400,6180,1498
1577,1471897800,6564,1471
1578,1471984200,6672,1411
1579,1472070600,9124,1360
1580,1472157000,6426,1072
1581,1472243400,5877,1520
1582,1472329800,6089,1459
1583,1472416200,5830,1526
1584,1472502600,5576,1521
1585,1472589000,6161,1574
1586,1472675400,8085,1323
1587,1472761800,6660,1122
1588,1472848200,5882,1541
1589,1472934600,5959,1473
1590,1473021000,6240,1486
1591,1473107400,6100,1612
1592,1473193800,6776,1585
1593,1473280200,9191,1444
1594,1473366600,6239,1140
1595,1473453000,6640,1302
1596,1473539400,7596,1378
1597,1473625800,6182,1027
1598,1473712200,6153,1382
1599,1473798600,6412,1539
1600,1473885000,8395,1319
1601,1473971400,6066,1058
1602,1474057800,6715,1402
1603,1474144200,6777,1171
1604,1474230600,7778,1145
1605,1474317000,5724,840
1606,1474403700,5372,972
1607,1474489800,7269,1071
1608,1474576200,6099,772
1609,1474662600,5474,1255
1610,1474749000,5472,1060
1611,1474835400,5524,1428
1612,1474921800,5656,1129
1613,1475008200,6032,1173
1614,1475094600,7841,932
1615,1475181000,6406,1092
1616,1475267400,6280,1382
1617,1475353800,5894,1319
1618,1475440200,6588,1537
1619,1475526600,6026,1535
1620,1475613000,6059,1667
1621,1475699400,7693,1472
1622,1475785800,5129,1195
1623,1475872200,5662,1508
1624,1475958600,6166,1299
1625,1476045000,12193,794
1626,1476131400,11020,289
1627,1476217800,5362,395
1628,1476304200,5687,1221
1629,1476390600,5941,1294
1630,1476477000,6424,1399
1631,1476563400,5516,1418
1632,1476649800,4627,1360
1633,1476736200,4315,1355
1634,1476822600,4559,1375
1635,1476909000,4539,1125
1636,1476995400,3585,928
1637,1477081800,3542,1143
1638,1477168200,3431,1163
1639,1477254600,3119,1046
1640,1477341000,1223,288
1641,1477548600,1814,321
1642,1477600200,5537,939
1643,1477686600,5187,1357
1644,1477773000,5169,1356
1645,1477859400,5288,1411
1646,1477945800,5354,1352
1647,1478032200,5667,1285
1648,1478118600,6996,1210
1649,1478205000,5805,982
1650,1478291400,5191,1451
1651,1478377800,5241,1349
1652,1478464200,5243,1362
1653,1478550600,4891,1319
1654,1478637000,5572,1355
1655,1478723400,7174,1295
1656,1478809800,5514,995
1657,1478896200,4975,1407
1658,1478982600,5141,1537
1659,1479069000,4913,1446
1660,1479155400,5023,1392
1661,1479241800,5642,1444
1662,1479328200,7461,1418
1663,1479414600,3831,724
1664,1479501000,7020,1261
1665,1479587400,5874,918
1666,1479673800,5342,1710
1667,1479760200,5622,1803
1668,1479846600,5717,1517
1669,1479933000,6135,1399
1670,1480019400,5041,1182
1671,1480105800,5751,1630
1672,1480192200,8496,1403
1673,1480278600,6543,1046
1674,1480365000,6602,1506
1675,1480451400,5699,1257
1676,1480537800,6000,1417
1677,1480624200,5278,1189
1678,1480710600,5366,1735
1679,1480797000,5553,1734
1680,1480883400,5567,1690
1681,1480969800,5357,1602
1682,1481056200,5736,1734
1683,1481142600,7247,1677
1684,1481229000,5340,1475
1685,1481315400,5330,1721
1686,1481401800,5313,1683
1687,1481488200,5547,1760
1688,1481574600,5486,1840
1689,1481661000,6526,1766
1690,1481747400,8253,1505
1691,1481833800,6819,1248
1692,1481920200,5900,1264
1693,1482006600,5395,1655
1694,1482093000,5414,1604
1695,1482179400,5367,1361
1696,1482265800,5336,1508
1697,1482352200,7047,1414
1698,1482438600,5279,1208
1699,1482525000,5270,1542
1700,1482611400,5298,1441
1701,1482697800,5133,1452
1702,1482784200,5601,1573
1703,1482870600,5767,1499
1704,1482957000,7912,1474
1705,1483043400,5660,1171
1706,1483129800,5495,1561
1707,1483216200,5094,1446
1708,1483302600,5361,1404
1709,1483389000,5259,1446
1710,1483475400,5796,1552
1711,1483561800,7840,1464
1712,1483648200,5211,1213
1713,1483734600,5538,1590
1714,1483821000,5590,1414
1715,1483907400,5742,1496
1716,1483993800,4684,1395
1717,1484080200,4994,1213
1718,1484166600,5298,709
1719,1484253000,2843,364
1720,1484339400,2172,308
1721,1484425800,2079,272
1722,1484512200,2079,267
1723,1484598900,1525,262
1724,1484685000,2489,343
1725,1484771400,3522,277
1726,1484857800,2172,166
1727,1484944200,2101,298
1728,1485030600,2237,298
1729,1485117000,2110,280
1730,1485203400,2114,294
1731,1485289800,1594,222
1732,1485376200,1365,142
1733,1485474300,282,19
1734,1485582900,4038,896
1735,1485635400,5614,973
1736,1485721800,5762,859
1737,1485808200,6180,917
1738,1485894600,6334,930
1739,1485981000,7395,811
1740,1486067400,5324,615
1741,1486153800,5286,907
1742,1486240200,5621,977
1743,1486326600,5717,922
1744,1486413000,5864,908
1745,1486499400,6217,935
1746,1486585800,8185,777
1747,1486672200,5650,653
1748,1486758600,5653,928
1749,1486845000,5578,904
1750,1486931400,5457,937
1751,1487017800,5437,1058
1752,1487104200,6181,1260
1753,1487190600,7836,1041
1754,1487277000,5715,832
1755,1487363400,5057,1191
1756,1487449800,5294,1525
1757,1487536200,4960,1498
1758,1487622600,5417,1737
1759,1487709000,5689,1755
1760,1487795400,6957,1438
1761,1487881800,5284,1263
1762,1487968200,5270,1541
1763,1488054600,5297,1620
1764,1488141000,5438,1763
1765,1488227400,5536,1457
1766,1488313800,7193,1635
1767,1488400200,7327,1327
1768,1488486600,5508,1214
1769,1488573000,5219,1608
1770,1488659400,5565,1669
1771,1488745800,5180,1625
1772,1488832200,5664,1596
1773,1488918600,6200,1716
1774,1489005000,7776,1575
1775,1489091400,5794,1434
1776,1489177800,5522,1958
1777,1489264200,5907,1897
1778,1489350600,6096,1812
1779,1489437000,6962,1770
1780,1489523400,6903,1516
1781,1489609800,8690,1107
1782,1489696200,8016,815
1783,1489782600,8789,705
1784,1489869000,9203,532
1785,1489955400,8213,290
1786,1490041800,10152,303
1787,1490131800,8837,342
1788,1490214600,9349,410
1789,1490301000,8806,431
1790,1490387400,7978,623
1791,1490473800,8060,851
1792,1490560200,8220,848
1793,1490646600,8115,764
1794,1490733000,8440,709
1795,1490819400,9767,713
1796,1490905800,9684,483
1797,1490992200,9432,333
1798,1491078600,8341,329
1799,1491165000,5606,1347
1800,1491251400,5818,1616
1801,1491337800,5745,1551
1802,1491424200,7417,1425
1803,1491510600,6283,1188
1804,1491597000,5569,1754
1805,1491683400,5518,1539
1806,1491769800,6550,1649
1807,1491856200,5568,1338
1808,1491942600,5792,1682
1809,1492029000,7456,1582
1810,1492115400,6238,1285
1811,1492201800,5337,1751
1812,1492288200,5376,1726
1813,1492374600,5544,1543
1814,1492461000,5439,1661
1815,1492547400,5889,1554
1816,1492633800,8353,1466
1817,1492720200,6062,1226
1818,1492806600,5324,1560
1819,1492893000,5207,1265
1820,1492979400,6834,1634
1821,1493065800,5802,1249
1822,1493152200,6006,1601
1823,1493238600,8317,1394
1824,1493325000,6692,1082
1825,1493411400,5539,1745
1826,1493497800,5395,1563
1827,1493584200,5443,1491
1828,1493670600,5673,1668
1829,1493757000,5853,1617
1830,1493843400,8553,1425
1831,1493929800,6110,1177
1832,1494016200,5565,1735
1833,1494102600,5511,1708
1834,1494189000,5388,1607
1835,1494275400,5419,1374
1836,1494361800,2679,259
1837,1494448200,7507,1094
1838,1494534600,3322,421
1839,1494621000,2415,477
1840,1494707400,2340,345
1841,1494793800,4885,1407
1842,1494880200,4190,1151
1843,1494966600,4767,1119
1844,1495053000,7041,867
1845,1495139400,6376,947
1846,1495225800,2581,602
1847,1495312200,5353,1469
1848,1495398600,5584,1627
1849,1495485000,5876,1647
1850,1495571400,6457,1573
1851,1495657800,8362,1333
1852,1495744200,6224,1177
1853,1495830600,5211,1620
1854,1495917000,4877,1578
1855,1496003400,5210,1694
1856,1496089800,5051,1597
1857,1496176200,5325,1607
1858,1496262600,7592,1547
1859,1496349000,4398,1166
1860,1496435400,6139,1467
1861,1496521800,5859,1223
1862,1496608200,5149,1149
1863,1496694600,5353,1611
1864,1496781000,5338,1460
1865,1496867400,7152,1408
1866,1496953800,4434,1199
1867,1497040200,5500,1581
1868,1497126600,5336,1590
1869,1497213000,5610,1544
1870,1497299400,5404,1633
1871,1497385800,5130,1583
1872,1497472200,7780,1398
1873,1497558600,4223,1091
1874,1497645000,5049,1558
1875,1497731400,4830,1516
1876,1497817800,5382,1542
1877,1497904200,5309,1487
1878,1497990600,5697,1451
1879,1498077000,4054,900
1880,1498225752,1372,310
1881,1498249800,5780,1347
1882,1498336200,8777,1151
1883,1498422600,9628,798
1884,1498509000,5725,957
1885,1498595400,6272,1424
1886,1498681800,8132,1442
1887,1498768200,6581,1165
1888,1498854600,5985,1645
1889,1498941000,5593,1485
1890,1499027400,5899,1657
1891,1499113800,5846,1585
1892,1499200200,6063,1584
1893,1499286600,8802,1597
1894,1499373000,5945,1177
1895,1499459400,5679,1725
1896,1499545800,5673,1569
1897,1499632200,5854,1647
1898,1499718600,5680,1498
1899,1499805000,5960,1436
1900,1499891400,8668,1393
1901,1499977800,5808,1157
1902,1500064200,5724,1577
1903,1500150600,5962,1695
1904,1500237000,6048,1697
1905,1500323400,6111,1654
1906,1500409800,8231,1634
1907,1500496200,8686,1097
1908,1500582600,6387,1019
1909,1500669000,6173,1617
1910,1500755400,5982,1543
1911,1500841800,5804,1451
1912,1500928200,6013,1454
1913,1501014600,6225,1468
1914,1501101000,8964,1337
1915,1501187400,6117,952
1916,1501273800,5950,1475
1917,1501360200,5932,1455
1918,1501446600,6207,1719
1919,1501533000,6088,1505
1920,1501619400,6309,1266
1921,1501705800,8996,1393
1922,1501792200,6513,1186
1923,1501878600,5528,1530
1924,1501965000,5869,1407
1925,1502051400,5913,1450
1926,1502137800,6095,1561
1927,1502224200,6641,1503
1928,1502314200,8908,1404
1929,1502397000,6495,1083
1930,1502483400,5910,1523
1931,1502569800,6048,1604
1932,1502656200,6116,1548
1933,1502742600,6104,1519
1934,1502829000,6272,1409
1935,1502915400,9183,1287
1936,1503001800,6347,1122
1937,1503088200,5921,1600
1938,1503174600,5613,1329
1939,1503261000,6195,1557
1940,1503347400,6079,1422
1941,1503433800,6685,1381
1942,1503520200,8875,1369
1943,1503606600,6591,1047
1944,1503693000,6205,1517
1945,1503779400,6313,1429
1946,1503865800,6293,1477
1947,1503952200,6590,1644
1948,1504038600,6982,1459
1949,1504125000,9159,1226
1950,1504211400,6642,935
1951,1504297800,5729,1208
1952,1504384200,5783,1432
1953,1504470600,6040,1570
1954,1504557000,5013,1119
1955,1504643400,5406,863
1956,1504729800,8765,1042
1957,1504816200,6049,536
1958,1504902600,7266,1021
1959,1504989000,7049,1601
1960,1505075400,6730,1599
1961,1505161800,5680,1165
1962,1505248200,5398,1035
1963,1505334600,8949,1296
1964,1505421000,7487,1125
1965,1505507400,6697,1507
1966,1505593800,4918,967
1967,1505680200,2938,289
1968,1505766600,4294,698
1969,1505853000,6893,1525
1970,1505939400,7368,821
1971,1506026100,5071,919
1972,1506112200,3528,826
1973,1506198600,2845,329
1974,1506285000,3968,903
1975,1506371400,5158,1208
1976,1506457800,4814,547
1977,1506544200,8713,830
1978,1506630600,7990,372
1979,1506717000,3278,78
1980,1506803400,2853,172
1981,1506889800,2608,624
1982,1507038013,1549,532
1983,1507062600,5059,1300
1984,1507149000,7650,1481
1985,1507235400,5322,1111
1986,1507321800,5532,1482
1987,1507408200,5709,1242
1988,1507494600,5681,995
1989,1507581000,5794,1077
1990,1507667400,6255,1198
1991,1507753800,6662,1021
1992,1507840200,7957,904
1993,1507926600,5747,913
1994,1508013000,5454,1013
1995,1508099400,5934,1088
1996,1508185800,5716,1097
1997,1508272200,6175,1162
1998,1508358600,6326,1068
1999,1508445000,8441,916
2000,1508531400,5775,1059
2001,1508617800,5608,872
2002,1508704200,5276,914
2003,1508790600,5948,1039
2004,1508877000,6257,1121
2005,1508963400,6665,1025
2006,1509049800,8343,830
2007,1509136200,5902,946
2008,1509222600,5961,979
2009,1509309000,5917,1041
2010,1509395400,5833,1120
2011,1509481800,6610,1087
2012,1509568200,6903,1062
2013,1509654600,8252,852
2014,1509741000,5906,1006
2015,1509827400,5775,932
2016,1509913800,5707,1094
2017,1510000200,6094,1154
2018,1510086600,6559,1161
2019,1510173000,4273,804
2020,1510259400,3803,549
2021,1510345800,4237,830
2022,1510432200,3200,510
2023,1510518600,2745,430
2024,1510605000,3948,588
2025,1510691400,5314,724
2026,1510777800,7779,743
2027,1510864200,3248,314
2028,1510950600,4595,849
2029,1511037000,5078,956
2030,1511123400,4384,985
2031,1511209800,3524,719
2032,1511296200,3906,776
2033,1511382600,5042,664
2034,1511469000,3455,533
2035,1511555400,4201,918
2036,1511641800,3788,615
2037,1511728200,2923,352
2038,1511814600,3519,586
2039,1511901000,3808,641
2040,1511987400,4521,408
2041,1512073800,2813,369
2042,1512160200,3930,772
2043,1512246600,4552,957
2044,1512333000,4608,936
2045,1512419400,6287,969
2046,1512505800,5406,735
2047,1512592200,6246,880
2048,1512678600,5181,720
2049,1512765000,4987,1150
2050,1512851400,4537,1054
2051,1512937800,4525,1122
2052,1513024200,2169,313
2053,1513110600,4811,1111
2054,1513197000,5478,883
2055,1513283400,3775,631
2056,1513369800,4195,1090
2057,1513456200,4645,1174
2058,1513542600,4886,1152
2059,1513629000,4203,885
2060,1513715400,5179,985
2061,1513801800,7385,778
2062,1513888200,4480,780
2063,1513974600,4450,1061
2064,1514061000,3757,676
2065,1514147400,2609,480
2066,1514233800,2853,597
2067,1514320200,3567,590
2068,1514406600,4316,526
2069,1514493000,2005,416
2070,1514579400,3169,637
2071,1514665800,3705,809
2072,1514752200,3232,683
2073,1514838600,4763,1210
2074,1514925000,3873,786
2075,1515011400,7233,1086
2076,1515097800,4562,744
2077,1515184200,4377,1139
2078,1515270600,3526,691
2079,1515357000,3908,864
2080,1515443400,4316,985
2081,1515529800,2815,419
2082,1515616200,7350,1175
2083,1515702600,4690,834
2084,1515789000,3965,883
2085,1515875400,3537,655
2086,1515961800,3385,701
2087,1516048200,3302,818
2088,1516134600,4044,793
2089,1516221000,4622,454
2090,1516307400,3111,449
2091,1516393800,2205,383
2092,1516480200,1634,239
2093,1516566600,2732,543
2094,1516653000,3393,627
2095,1516739400,4081,765
2096,1516825800,7070,936
2097,1516912200,3726,462
2098,1516998600,3777,844
2099,1517085000,3430,710
2100,1517171400,2578,565
2101,1517257800,3360,775
2102,1517344200,2327,287
2103,1517430600,3804,282
2104,1517517000,5376,1046
2105,1517603400,4396,1090
2106,1517689800,4599,1158
2107,1517776200,4567,1164
2108,1517862600,5009,1296
2109,1517949000,5708,1267
2110,1518035400,7437,1015
2111,1518121800,4201,544
2112,1518208200,4133,762
2113,1518294600,4104,661
2114,1518381000,4146,897
2115,1518467400,4043,1118
2116,1518553800,3812,795
2117,1518640200,7040,1193
2118,1518726600,4625,791
2119,1518813000,4041,1139
2120,1518899400,4361,934
2121,1518985800,6279,1393
2122,1519072200,3945,746
2123,1519158600,4608,973
2124,1519245000,5245,755
2125,1519331400,4040,707
2126,1519417800,3621,723
2127,1519504200,3888,787
2128,1519590600,4734,1169
2129,1519677000,5563,1673
2130,1519763400,4929,1152
2131,1519849800,6191,992
2132,1519936200,5820,1063
2133,1520022600,5026,1355
2134,1520109000,4655,1282
2135,1520195400,4365,1087
2136,1520281800,4219,1141
2137,1520368200,5397,1393
2138,1520454600,7628,1493
2139,1520541000,5885,1249
2140,1520627400,4673,1352
2141,1520713800,5000,1557
2142,1520800200,4830,1348
2143,1520886600,5610,1404
2144,1520973000,6076,1679
2145,1521059400,8562,1742
2146,1521145800,5981,1072
2147,1521232200,4816,720
2148,1521318600,5894,691
2149,1521405000,6958,454
2150,1521491400,5745,183
2151,1521577800,11537,215
2152,1521667800,9620,206
2153,1521750600,4804,81
2154,1521837000,6670,217
2155,1521923400,6791,488
2156,1522009800,8448,730
2157,1522096200,8397,823
2158,1522182600,7905,645
2159,1522269000,10120,597
2160,1522355400,9161,433
2161,1522441800,8241,304
2162,1522528200,9570,259
2163,1522614600,7913,238
2164,1522701000,5621,955
2165,1522787400,5505,1166
2166,1522873800,3027,326
2167,1522963500,6761,666
2168,1523046600,6615,1291
2169,1523133000,6075,1308
2170,1523219400,6325,1607
2171,1523305800,6019,1859
2172,1523392200,6874,1609
2173,1523478600,9475,1470
2174,1523565000,8635,1093
2175,1523651400,5371,706
2176,1523899800,608,110
2177,1523910600,8432,1065
2178,1523997000,6575,1281
2179,1524083400,9851,1329
2180,1524169800,7646,908
2181,1524256200,8133,1190
2182,1524342600,6536,1202
2183,1524429000,6389,1152
2184,1524515400,9316,1413
2185,1524601800,8911,1290
2186,1524688200,13550,1157
2187,1524774600,7041,992
2188,1524861000,8939,1569
2189,1524947400,14780,1213
2190,1525033800,9651,1180
2191,1525120200,13515,1093
2192,1525206600,9677,908
2193,1525293000,13746,1216
2194,1525379400,8403,846
2195,1525465800,7576,1523
2196,1525552200,7587,1575
2197,1525638600,9073,1536
2198,1525725000,6805,1321
2199,1525811400,7225,1138
2200,1525897800,12306,1004
2201,1525984200,11588,771
2202,1526070600,11401,1293
2203,1526157000,11327,1054
2204,1526243400,10367,1225
2205,1526329800,7164,1401
2206,1526416200,8445,1238
2207,1526502600,7667,1252
2208,1526589000,9024,738
2209,1526675400,11716,1219
2210,1526761800,6179,1375
2211,1526848200,5904,1148
2212,1526934600,6018,761
2213,1527021000,5600,469
2214,1527107400,9038,282
2215,1527193800,7089,166
2216,1527280200,7027,224
2217,1527366600,11783,164
2218,1527453000,10625,94
2219,1527539400,4108,185
2220,1527625800,5741,327
2221,1527712200,7989,449
2222,1527798600,5654,519
2223,1527885000,7110,1067
2224,1527971400,8881,926
2225,1528057800,7198,582
2226,1528144200,6546,525
2227,1528230600,4578,368
2228,1528317000,4223,497
2229,1528403400,6194,498
2230,1528489800,5792,1511
2231,1528576200,4006,1208
2232,1528662600,5791,1766
2233,1528749000,6227,1846
2234,1528835400,6177,1609
2235,1528921800,9046,1261
2236,1529008200,9849,812
2237,1529094600,6602,1254
2238,1529181000,6820,2244
2239,1529267400,6793,2084
2240,1529353800,6650,1851
2241,1529440200,6372,1749
2242,1529526600,9135,1667
2243,1529613000,6429,1176
2244,1529699400,6459,1888
2245,1529785800,6378,1748
2246,1529872200,6479,1647
2247,1529958600,6391,1832
2248,1530045000,6820,1739
2249,1530131400,10480,1700
2250,1530217800,6415,1331
2251,1530304200,6080,1885
2252,1530390600,6422,1879
2253,1530477000,6619,1830
2254,1530563400,6340,1754
2255,1530649800,6940,1774
2256,1530736200,9983,1635
2257,1530822600,6838,1224
2258,1530909000,6501,1816
2259,1530995400,7901,1719
2260,1531081800,6245,1341
2261,1531168200,6409,1741
2262,1531254600,6634,1688
2263,1531341000,9609,1654
2264,1531427400,6389,1170
2265,1531513800,4927,1135
2266,1531652760,2993,979
2267,1531686600,6729,1732
2268,1531773000,6340,1930
2269,1531859400,7048,1861
2270,1531945800,10328,1789
2271,1532032200,6685,1294
2272,1532118600,6579,1988
2273,1532205000,6499,1358
2274,1532291400,6300,1065
2275,1532377800,5769,1119
2276,1532464200,6852,1289
2277,1532550600,9739,1343
2278,1532637000,6392,1018
2279,1532723400,6367,1747
2280,1532809800,6250,1845
2281,1532896200,6673,1795
2282,1532982600,6559,1706
2283,1533069000,7169,1798
2284,1533155400,10298,1550
2285,1533241800,6907,1309
2286,1533328200,6659,1805
2287,1533414600,6377,1669
2288,1533501000,6526,1539
2289,1533587400,6503,1703
2290,1533673800,6989,1620
2291,1533760200,10340,1423
2292,1533846600,6751,1095
2293,1533933000,6382,1800
2294,1534019400,6562,1747
2295,1534105800,6622,1685
2296,1534192200,6524,1734
2297,1534278600,7035,1575
2298,1534365000,10014,1485
2299,1534451400,6858,1222
2300,1534537800,6741,1731
2301,1534624200,6672,1658
2302,1534710600,7259,1633
2303,1534797000,8498,1347
2304,1534883400,6272,941
2305,1534969800,9077,1406
2306,1535056200,7738,1119
2307,1535142600,7073,1892
2308,1535229000,7033,1858
2309,1535315400,7123,1744
2310,1535401800,6788,1616
2311,1535488200,8728,1546
2312,1535574600,10188,1049
2313,1535661000,8072,1153
2314,1535747400,7202,1696
2315,1535833800,7043,1743
2316,1535920200,7441,1724
2317,1536006600,7268,1702
2318,1536093000,7503,1638
2319,1536179400,10263,1385
2320,1536265800,7594,1151
2321,1536352200,6968,1633
2322,1536438600,7138,1617
2323,1536525000,7534,1650
2324,1536611400,7201,1703
2325,1536697800,7632,1718
2326,1536784200,9652,1535
2327,1536870600,6622,1252
2328,1536957000,6886,1594
2329,1537043400,7218,1495
2330,1537129800,7874,1205
2331,1537216200,13656,827
2332,1537302600,11543,322
2333,1537389000,6102,541
2334,1537475400,5903,922
2335,1537562100,6868,962
2336,1537648200,6202,422
2337,1537734600,5999,311
2338,1537821000,5861,269
2339,1537907400,6140,233
2340,1537993800,8316,241
2341,1538080200,5788,224
2342,1538166600,5687,350
2343,1538253000,5793,446
2344,1538339400,5745,482
2345,1538425800,5921,646
2346,1538512200,6538,693
2347,1538598600,9652,639
2348,1538685000,6317,632
2349,1538771400,5787,827
2350,1538857800,5893,948
2351,1538944200,6373,1018
2352,1539030600,6053,1215
2353,1539117000,6446,1233
2354,1539203400,9269,1388
2355,1539289800,6525,1262
2356,1539376200,6166,1868
2357,1539462600,6130,1709
2358,1539549000,6119,1692
2359,1539635400,6056,1784
2360,1539721800,6631,1546
2361,1539808200,9198,1340
2362,1539894600,6366,1233
2363,1539981000,5830,1534
2364,1540067400,5867,1628
2365,1540153800,6025,1581
2366,1540240200,5778,1517
2367,1540326600,6480,1461
2368,1540413000,6859,1179
2369,1540499400,5883,1151
2370,1540585800,6051,1446
2371,1540672200,6009,1445
2372,1540758600,8581,1378
2373,1540845000,6033,980
2374,1540931400,6342,1475
2375,1541017800,8247,1392
2376,1541104200,6773,1136
2377,1541190600,6598,1582
2378,1541277000,7001,1667
2379,1541363400,7917,1578
2380,1541449800,11322,1436
2381,1541536200,10543,1000
2382,1541622600,7752,1089
2383,1541709000,6671,1163
2384,1541795400,6144,1429
2385,1541881800,6140,1623
2386,1541968200,6067,1402
2387,1542054600,6118,1554
2388,1542141000,6452,1425
2389,1542227400,7947,1304
2390,1542313800,5353,1095
2391,1542400200,5850,1492
2392,1542486600,6059,1392
2393,1542573000,6209,1395
2394,1542659400,5943,1427
2395,1542745800,6898,1396
2396,1542832200,9057,1302
2397,1542918600,6296,1097
2398,1543005000,7055,1385
2399,1543091400,5962,1112
2400,1543177800,6123,1439
2401,1543264200,6020,1505
2402,1543350600,6396,1434
2403,1543437000,8522,1364
2404,1543523400,6311,1096
2405,1543609800,6065,1500
2406,1543696200,6122,1559
2407,1543782600,5846,1563
2408,1543869000,6153,1472
2409,1543955400,6645,1368
2410,1544041800,9321,1293
2411,1544128200,6060,1058
2412,1544214600,6284,1611
2413,1544301000,5747,1578
2414,1544387400,4690,1222
2415,1544473800,6171,1523
2416,1544560200,6672,1427
2417,1544646600,8958,1269
2418,1544736300,6229,1108
2419,1544819400,6078,1533
2420,1544905800,5930,1556
2421,1544992200,6192,1554
2422,1545078600,5101,1339
2423,1545165120,6630,1443
2424,1545251400,9218,1166
2425,1545337800,6016,841
2426,1545424200,6244,1601
2427,1545510600,6150,1584
2428,1545597000,5902,1591
2429,1545683400,4546,1052
2430,1545769800,6283,1501
2431,1545856200,8373,1421
2432,1545942600,5828,1153
2433,1546029000,5886,1641
2434,1546115400,5948,1549
2435,1546201800,5937,1526
2436,1546288200,5839,1639
2437,1546374600,6323,1540
2438,1546461000,7619,1299
2439,1546547400,5991,1119
2440,1546633800,5953,1572
2441,1546720500,5739,1542
2442,1546806600,5449,1489
2443,1546893000,6156,1700
2444,1546979400,5679,1439
2445,1547065800,8384,1374
2446,1547152200,6270,1134
2447,1547238600,6050,1500
2448,1547325000,6224,1733
2449,1547411400,5920,1684
2450,1547497800,6014,1742
2451,1547584200,6513,1665
2452,1547670600,7974,1343
2453,1547757000,5748,1141
2454,1547843400,5001,1540
2455,1547929800,5885,1672
2456,1548016200,6201,1578
2457,1548102600,5074,1459
2458,1548189000,6816,1449
2459,1548275400,8590,1324
2460,1548361800,6272,1093
2461,1548448200,6294,1499
2462,1548534600,5845,1464
2463,1548621000,5761,1518
2464,1548707400,6003,1559
2465,1548793800,5145,1223
2466,1548880200,8543,1366
2467,1548966600,6642,1174
2468,1549053000,6464,1534
2469,1549139400,6156,1557
2470,1549225800,6109,1621
2471,1549313220,6243,1611
2472,1549398600,8733,1848
2473,1549485000,10979,1415
2474,1549571400,9466,1119
2475,1549657800,6385,1041
2476,1549744200,7363,1367
2477,1549830600,8216,1240
2478,1549917000,6721,1380
2479,1550003400,5295,1101
2480,1550089800,8261,1294
2481,1550176200,6651,980
2482,1550262600,4839,1313
2483,1550349000,6110,1579
2484,1550435400,6414,1533
2485,1550521800,6379,1792
2486,1550608200,5510,1374
2487,1550694600,9049,1550
2488,1550781000,6513,1349
2489,1550867400,6414,1707
2490,1550953800,6553,1786
2491,1551040200,6364,1726
2492,1551126600,6551,1650
2493,1551213000,6879,1628
2494,1551299400,9081,1580
2495,1551385800,6185,1238
2496,1551472200,6017,1717
2497,1551558600,6201,1693
2498,1551645000,6247,1784
2499,1551731400,6389,1742
2500,1551817800,5931,1546
2501,1551904200,9027,1512
2502,1551990600,6806,1409
2503,1552077000,5403,1608
2504,1552163400,5758,1664
2505,1552250100,6630,1796
2506,1552336200,6694,1807
2507,1552422600,7294,1774
2508,1552509000,9119,1620
2509,1552595400,6859,1529
2510,1552681800,7077,1477
2511,1552768200,7659,1381
2512,1552854600,9167,976
2513,1552941000,11247,775
2514,1553027400,10408,359
2515,1553113800,13007,270
2516,1553200200,11677,363
2517,1553286600,11247,422
2518,1553373000,9607,397
2519,1553459400,9985,593
2520,1553545800,7482,499
2521,1553632200,9824,580
2522,1553718600,11890,746
2523,1553805000,10040,677
2524,1553891400,8231,743
2525,1553977800,9181,651
2526,1554064200,9213,319
2527,1554150600,9817,286
2528,1554237000,7420,685
2529,1554323400,8779,876
2530,1554409800,7789,900
2531,1554496500,6093,1296
2532,1554582600,5972,1522
2533,1554669000,6269,1566
2534,1554755400,5982,1711
2535,1554841800,6755,1605
2536,1554928200,8804,1509
2537,1555014600,6930,1225
2538,1555101000,5589,1538
2539,1555187400,5838,1478
2540,1555273800,6305,1555
2541,1555360200,6556,1520
2542,1555446600,7170,1470
2543,1555533000,7496,1100
2544,1555619400,7045,1037
2545,1555705800,7972,1404
2546,1555792200,7147,1197
2547,1555878600,6588,1656
2548,1555965000,6212,1598
2549,1556051400,6810,1633
2550,1556137800,9217,1410
2551,1556224200,6994,1199
2552,1556310900,6419,1678
2553,1556397000,6011,1446
2554,1556486700,5878,1357
2555,1556569800,6725,1532
2556,1556656200,7349,1474
2557,1556742600,10723,1309
2558,1556829000,7908,1124
2559,1556915400,6948,1519
2560,1557001800,6855,1614
2561,1557088200,6349,1582
2562,1557174600,5468,1428
2563,1557261000,5148,1151
2564,1557347400,8191,1296
2565,1557433800,5393,1109
2566,1557520200,5797,1512
2567,1557606600,4870,1262
2568,1557693000,5974,1462
2569,1557779400,5553,1415
2570,1557865800,5942,1354
2571,1557952200,7836,1182
2572,1558038600,5711,1118
2573,1558125000,5679,1475
2574,1558211400,5994,1550
2575,1558297800,5989,1452
2576,1558384200,6054,1626
2577,1558470600,6222,1566
2578,1558557000,9231,1564
2579,1558643400,5563,1024
2580,1558729800,5921,1466
2581,1558816200,1874,304
2582,1559021100,4666,1327
2583,1559075400,5927,1547
2584,1559161800,8484,1566
2585,1559248200,5424,1163
2586,1559334600,4740,1125
2587,1559421000,6627,1474
2588,1559507400,8919,1376
2589,1559593800,9905,935
2590,1559680200,10283,652
2591,1559766600,9165,853
2592,1559853000,9707,991
2593,1559939400,7253,1486
2594,1560025800,6985,1616
2595,1560112200,6785,1598
2596,1560221100,4176,983
2597,1560285000,7010,1513
2598,1560371400,9683,1449
2599,1560457800,7188,1089
2600,1560544200,6499,1549
2601,1560630600,6800,1638
2602,1560717000,6717,1612
2603,1560803400,6613,1400
2604,1560889800,7187,1578
2605,1560976200,10330,1380
2606,1561062600,6821,1141
2607,1561149000,6710,1403
2608,1561235400,6508,1525
2609,1561321800,6812,1486
2610,1561408200,6831,1522
2611,1561494600,7499,1522
2612,1561581000,6987,567
2613,1561667400,3776,118
2614,1561753800,2966,169
2615,1561840200,3016,272
2616,1561988700,980,128
2617,1562013000,2852,258
2618,1562099400,3070,229
2619,1562185800,4584,194
2620,1562272200,2745,142
2621,1562358600,2971,289
2622,1562445000,2828,291
2623,1562531400,2858,256
2624,1562617800,2952,285
2625,1562704200,3179,283
2626,1562790600,5290,235
2627,1562877000,2935,149
2628,1562963400,2776,298
2629,1563049800,2680,287
2630,1563136200,2914,308
2631,1563222600,2887,295
2632,1563309000,3058,242
2633,1563395400,5058,239
2634,1563481800,2647,158
2635,1563568200,2779,252
2636,1563654600,2881,309
2637,1563741000,2878,295
2638,1563827400,1472,137
2639,1564329000,1372,360
2640,1564345800,6560,1586
2641,1564432200,6632,1588
2642,1564518600,7069,1533
2643,1564605000,10829,1379
2644,1564691400,6830,1086
2645,1564777800,6897,1602
2646,1564864200,6940,1572
2647,1564950600,6093,1297
2648,1565037000,6643,1611
2649,1565123400,7234,1531
2650,1565209800,11179,1340
2651,1565296200,6658,1118
2652,1565382600,7048,1415
2653,1565469000,7057,1070
2654,1565555400,6102,897
2655,1565641800,6564,1371
2656,1565728200,7359,1437
2657,1565814600,10173,1357
2658,1565901000,7006,1156
2659,1565987400,6930,1540
2660,1566073800,7048,1515
2661,1566160200,9125,1473
2662,1566246600,7436,1252
2663,1566333000,7493,1535
2664,1566419400,10455,1394
2665,1566505800,7712,1100
2666,1566592200,7310,1538
2667,1566678600,7153,1508
2668,1566765000,6965,1569
2669,1566851400,7125,1613
2670,1566937800,8050,1525
2671,1567024200,10539,1420
2672,1567110600,6659,981
2673,1567197000,1049,519
2674,1567283700,1060,560
2675,1568646300,1602,418
2676,1568665800,7392,1671
2677,1568752200,7588,1562
2678,1568838600,10165,1505
2679,1568925000,7632,1159
2680,1569011400,7339,1621
2681,1569097800,6628,1547
2682,1569184200,6601,1538
2683,1569270600,6770,1578
2684,1569357000,7143,1672
2685,1569443400,10117,1517
2686,1569529800,7144,1188
2687,1569616200,6384,1682
2688,1569702600,6477,1726
2689,1569789000,6336,1711
2690,1569875400,6390,1722
2691,1569961800,6909,1675
2692,1570048200,9527,1499
2693,1570134600,6515,1209
2694,1570221000,6178,1636
2695,1570307400,6187,1745
2696,1570393800,6229,1736
2697,1570480200,6146,1749
2698,1570566600,6701,1600
2699,1570653000,8810,1494
2700,1570739400,5954,1045
2701,1570865100,3877,1293
2702,1570912200,6187,1743
2703,1570998600,6234,1730
2704,1571085000,6531,1814
2705,1571171400,7687,1793
2706,1571257800,10739,1480
2707,1571344200,1787,197
2708,1571553600,4345,1468
2709,1571603400,6639,1866
2710,1571689800,6626,1845
2711,1571776200,7295,1774
2712,1571862600,9862,1733
2713,1571949000,7432,1345
2714,1572035400,9428,1707
2715,1572121800,7054,1274
2716,1572208200,7117,1598
2717,1572294600,6441,1437
2718,1572381000,6681,1710
2719,1572467400,9109,1644
2720,1572553800,7123,1298
2721,1572640200,547,190
2722,1572836700,6033,1707
2723,1572899400,8295,1760
2724,1572985800,7966,1646
2725,1573072200,9038,1633
2726,1573158600,7704,1329
2727,1573245000,6477,1709
2728,1573331400,1150,236
2729,1573476300,9,4
2730,1573535400,4857,1434
2731,1573590600,6773,1657
2732,1573677000,9072,1519
2733,1573763400,6365,1281
2734,1573849800,4770,817
2735,1573936200,4263,1289
2736,1574022600,4404,1338
2737,1574109000,4844,1736
2738,1574195400,5660,1711
2739,1574281800,7511,1653
2740,1574368200,5364,1234
2741,1574454600,5625,1675
2742,1574541000,5521,1522
2743,1574627400,5643,1622
2744,1574713800,5628,1879
2745,1574800200,6380,1697
2746,1574886600,8077,1551
2747,1574973000,5739,1312
2748,1575059400,5708,1789
2749,1575145800,5125,1632
2750,1575232200,5358,1656
2751,1575318600,5091,1701
2752,1575405000,5756,1599
2753,1575491400,7446,1558
2754,1575577800,5417,1282
2755,1575664200,4900,1604
2756,1575750600,4575,1633
2757,1575837000,4746,1521
2758,1575923400,4876,1752
2759,1576009800,5172,1542
2760,1576096200,7749,1550
2761,1576182600,5517,1307
2762,1576269000,5587,1681
2763,1576355400,5646,1774
2764,1576441800,5511,1608
2765,1576528200,5102,1579
2766,1576614600,6003,1466
2767,1576701000,8572,1322
2768,1576787400,5466,1052
2769,1576873800,5216,1316
2770,1576960200,6026,1840
2771,1577046600,5858,1634
2772,1577133000,5727,1635
2773,1577219400,6149,1678
2774,1577305800,7424,1510
2775,1577392200,5505,1341
2776,1577478600,5699,1774
2777,1577565000,5447,1884
2778,1577651400,5155,1811
2779,1577737800,5359,1665
2780,1577824200,5962,1631
2781,1577910600,7556,1571
2782,1577997000,5314,1363
2783,1578083400,5244,1703
2784,1578169800,5317,1856
2785,1578256200,5631,1791
2786,1578342600,4688,1549
2787,1578429000,5327,1467
2788,1578515400,6828,1448
2789,1578601800,4378,1180
2790,1578688200,4387,1411
2791,1578774600,4254,1403
2792,1578861000,4591,1358
2793,1578947400,4161,1329
2794,1579033800,5027,1580
2795,1579120200,6576,1484
2796,1579206600,4723,1200
2797,1579293000,4968,1565
2798,1579379400,4718,1481
2799,1579465800,4832,1485
2800,1579552200,4595,1438
2801,1579638600,4839,1380
2802,1579725000,6342,1366
2803,1579811400,4328,1044
2804,1579897800,4966,1477
2805,1579984200,5009,1508
2806,1580070600,5192,1496
2807,1580157000,6585,1666
2808,1580243400,5534,1202
2809,1580329800,6074,1385
2810,1580416200,5870,1176
2811,1580502600,5621,1707
2812,1580589000,5348,1594
2813,1580675400,4874,1538
2814,1580761800,5230,1689
2815,1580848200,5472,1654
2816,1580934600,7396,1461
2817,1581021000,5698,1337
2818,1581107400,5642,1628
2819,1581193800,5949,1620
2820,1581280200,7014,1687
2821,1581366600,5094,1394
2822,1581453000,5485,1436
2823,1581539400,7112,1423
2824,1581625800,5989,1229
2825,1581712200,5860,1587
2826,1581798600,5869,1669
2827,1581885000,5669,1689
2828,1581971400,5733,1595
2829,1582057800,5718,1523
2830,1582144200,7254,1442
2831,1582230600,5308,1246
2832,1582317000,5683,1615
2833,1582403400,6016,1777
2834,1582489800,6023,1772
2835,1582576200,5605,1762
2836,1582662600,5694,1591
2837,1582749000,7661,1533
2838,1582835400,4883,1184
2839,1582921800,5609,1750
2840,1583008200,5455,1704
2841,1583094600,5232,1588
2842,1583181000,5049,1504
2843,1583267400,5145,1444
2844,1583353800,6252,1457
2845,1583440200,3931,1213
2846,1583526600,5256,1630
2847,1583613000,4304,1408
2848,1583699400,5079,1629
2849,1583785800,4971,1667
2850,1583872200,5018,1514
2851,1583958600,5861,1506
2852,1584045000,3724,1241
2853,1584131400,4844,1334
2854,1584217800,4365,1121
2855,1584304200,4831,1016
2856,1584390600,4599,822
2857,1584477000,4075,531
2858,1584563400,4176,263
2859,1584649800,3827,201
2860,1584739800,3282,308
2861,1584822600,2756,327
2862,1584909000,2369,363
2863,1584995400,2920,691
2864,1585081800,3461,937
2865,1585168200,3864,1243
2866,1585254600,3345,1615
2867,1585341000,2738,1171
2868,1585427400,3856,1814
2869,1585513800,3320,1121
2870,1585600200,2214,1272
2871,1585686600,1784,1069
2872,1585773000,2057,596
2873,1585859400,2945,1224
2874,1585945800,3687,1694
2875,1586032200,3421,1360
2876,1586118600,2747,985
2877,1586205000,2809,994
2878,1586291400,2729,792
2879,1586377800,1520,725
2880,1586464200,1410,676
2881,1586550600,2629,863
2882,1586637000,2935,1009
2883,1586723400,3116,1407
2884,1586809800,2931,1147
2885,1586896200,2845,960
2886,1586982600,4371,1626
2887,1587069000,2958,1066
2888,1587155400,1700,659
2889,1587241800,2960,1227
2890,1587328200,3512,1413
2891,1587414600,4891,2090
2892,1587501000,5478,2515
2893,1587587400,1528,401
2894,1587841200,126,64
2895,1587846600,3097,1134
2896,1587933000,3221,1129
2897,1588019400,3156,1117
2898,1588105800,3202,1122
2899,1588192200,3999,1277
2900,1588278600,3976,1619
2901,1588365000,3339,1219
2902,1588451400,3184,1205
2903,1588537800,4816,1411
2904,1588624200,5557,1557
2905,1588710600,5990,1510
2906,1588797000,8427,1259
2907,1588883400,5091,1093
2908,1588969800,5824,1440
2909,1589056200,5671,1473
2910,1589142600,5609,1475
2911,1589229000,5652,1490
2912,1589315400,5734,1377
2913,1589401800,3797,226
2914,1589488200,1818,141
2915,1589574600,2449,284
2916,1589661000,2224,330
2917,1589747400,2461,263
2918,1589833800,2453,320
2919,1589920200,2659,294
2920,1590006600,3897,226
2921,1590093000,2173,149
2922,1590179400,4559,180
2923,1590265800,4905,59
2924,1590352200,2418,123
2925,1590438600,2581,256
2926,1590525000,2720,269
2927,1590611400,3863,229
2928,1590697800,2305,136
2929,1590784200,658,29
2930,1591004400,2761,647
2931,1591043400,8235,1262
2932,1591129800,5906,521
2933,1591216200,3700,129
2934,1591302600,2605,112
2935,1591389000,2795,295
2936,1591475400,2627,336
2937,1591561800,2706,318
2938,1591648200,2744,295
2939,1591734600,2894,296
2940,1591821000,4618,252
2941,1591907400,2383,148
2942,1591993800,2645,336
2943,1592080200,2731,326
2944,1592166600,2659,358
2945,1592253000,3814,275
2946,1592339400,2935,218
2947,1592425800,4651,306
2948,1592512200,2680,150
2949,1592598600,2727,283
2950,1592685000,2650,289
2951,1592771400,2687,331
2952,1592857800,2848,328
2953,1592944200,2988,301
2954,1593030600,4890,261
2955,1593117000,2436,173
2956,1593203400,2541,277
2957,1593289800,2721,305
2958,1593376200,2706,312
2959,1593462600,2750,357
2960,1593549000,4810,246
2961,1593635400,2388,183
2962,1593721800,969,72
2963,1593848100,1691,303
2964,1593894600,2483,332
2965,1593981000,2679,326
2966,1594067400,2600,313
2967,1594153800,2965,315
2968,1594240200,4601,247
2969,1594326600,2323,172
2970,1594413000,2555,299
2971,1594499400,2562,370
2972,1594585800,2677,368
2973,1594672200,2598,300
2974,1594758600,2933,315
2975,1594845000,4735,291
2976,1594931400,2340,174
2977,1595017800,2547,349
2978,1595104200,2504,360
2979,1595190600,2553,361
2980,1595277000,2733,316
2981,1595363400,3002,296
2982,1595449800,5055,244
2983,1595536200,2237,139
2984,1595622600,2451,251
2985,1595709000,2641,279
2986,1595795400,2602,295
2987,1595881800,2573,321
2988,1595968200,2969,292
2989,1596054600,4729,193
2990,1596141000,2200,111
2991,1596227400,2427,221
2992,1596313800,2680,335
2993,1596400200,2594,322
2994,1596486600,1171,105
2995,1601445000,2411,286
2996,1601498700,4913,271
2997,1601584200,2504,202
2998,1601670600,2720,420
2999,1601757000,2740,409
3000,1601843400,312,36
3001,1601940900,623,50
3002,1603094700,1787,260
3003,1603139400,2729,415
3004,1603225800,2705,304
3005,1603312200,4631,310
3006,1603398600,2648,208
3007,1603485000,3193,398
3008,1603571400,213,37
3009,1603809600,593,104
3010,1603830600,279,34
3011,1603955100,3679,269
3012,1604003400,2519,224
3013,1604089800,2742,372
3014,1604176200,2815,406
3015,1604262600,3289,352
3016,1604349000,1850,294
3017,1604435400,2201,393
3018,1604521800,3071,313
3019,1604608200,1721,243
3020,1604694600,2610,361
3021,1604781000,2574,364
3022,1604867400,2604,366
3023,1604953800,2539,358
3024,1605040200,2701,361
3025,1605126600,4176,300
3026,1605213000,2304,228
3027,1605299400,2541,372
3028,1605385800,2332,360
3029,1605472200,2623,350
3030,1605558600,2792,422
3031,1605645000,2929,404
3032,1605731400,4106,301
3033,1605817800,2373,207
3034,1605904200,1499,363
3035,1605990600,1511,345
3036,1606077000,1559,366
3037,1606163400,1649,392
3038,1606249800,1749,425
3039,1606336200,2448,286
3040,1606422600,1209,262
3041,1606509000,1475,365
3042,1606595400,1613,376
3043,1606681800,1753,373
3044,1606768200,1813,406
3045,1606854600,1941,403
3046,1606941000,2993,348
3047,1607027400,1583,228
3048,1607113800,2019,396
3049,1607200200,1708,304
3050,1607286600,2143,458
3051,1607373000,2182,474
3052,1607459400,2376,409
3053,1607545800,3569,368
3054,1607632200,1914,264
3055,1607718600,2323,397
3056,1607805000,2318,450
3057,1607891400,2436,425
3058,1607977800,2422,442
3059,1608064200,2482,373
3060,1608150600,3846,354
3061,1608237000,1655,237
3062,1608323400,2101,346
3063,1608409800,2072,307
3064,1608496200,2705,468
3065,1608582600,2795,475
3066,1608669000,3010,439
3067,1608755400,4146,319
3068,1608841800,2101,203
3069,1608928200,2476,381
3070,1609014600,2635,426
3071,1609101000,2481,428
3072,1609187400,2598,455
3073,1609273800,2908,399
3074,1609360200,4358,349
3075,1609446600,2455,226
3076,1609533000,2582,409
3077,1609619400,2695,443
3078,1609705800,2721,425
3079,1609792200,2850,503
3080,1609878600,3046,472
3081,1609965000,4574,394
3082,1610051400,2322,231
3083,1610137800,2590,430
3084,1610224200,2583,374
3085,1610310600,2746,406
3086,1610397000,2874,423
3087,1610483400,3299,421
3088,1610569800,5152,329
3089,1610656200,2954,239
3090,1610742600,3500,419
3091,1610829000,2848,282
3092,1610915400,2804,445
3093,1611001800,2915,425
3094,1611088200,3125,423
3095,1611174600,4059,334
3096,1611261000,2667,240
3097,1611347400,2630,397
3098,1611433800,2790,442
3099,1611520200,2859,459
3100,1611606600,2967,463
3101,1611693000,3364,419
3102,1611779400,4626,365
3103,1611865800,2841,200
3104,1611952200,2844,452
3105,1612038600,2912,475
3106,1612125000,2994,500
3107,1612211400,3020,458
3108,1612297800,3393,361
3109,1612384200,4812,348
3110,1612470600,3052,223
3111,1612557000,2866,434
3112,1612643400,2903,462
3113,1612729800,3008,470
3114,1612816200,3798,478
3115,1612902600,3114,317
3116,1612989000,4252,362
3117,1613075400,2921,216
3118,1613161800,2901,452
3119,1613248200,2966,420
3120,1613334600,2846,430
3121,1613421000,3018,475
3122,1613507400,3283,482
3123,1613593800,3984,359
3124,1613680200,2729,269
3125,1613766600,2978,485
3126,1613853000,2968,498
3127,1613939400,3117,489
3128,1614025800,3227,471
3129,1614112200,4373,400
3130,1614198600,4276,266
3131,1614285000,2349,240
3132,1614371400,3090,453
3133,1614457800,3284,547
3134,1614544200,3147,472
3135,1614630600,3050,492
3136,1614717000,3448,477
3137,1614803400,4721,406
3138,1614889800,2691,262
3139,1614976200,3153,507
3140,1615062600,3381,532
3141,1615149000,3209,489
3142,1615235400,3325,550
3143,1615321800,4174,527
3144,1615408200,4433,386
3145,1615494600,2527,299
3146,1615581000,3257,532
3147,1615667400,3444,524
3148,1615753800,3501,530
3149,1615840200,3680,447
3150,1615926600,3487,305
3151,1616013000,3903,195
3152,1616099400,2723,77
3153,1616185800,2424,38
